time_ms,ir_r,ir_l,tf_r,tf_l,tf_front,throttle_l,throttle_r,steering
  12588,  84,  305,  433,  1568,  4317,  9000,  7000, -17
  12669,  84,  305,  432,  1573,  5295,  9000,  9000,  13
  12750,  118,  305,  453,  1550,  4574,  9000,  9000,  10
  12831,  110,  305,  486,  1252,  4297,  9000,  9000,  3
  12912,  204,  82,  509,  244,  4279,  7000,  9000,  30
  12993,  208,  82,  488,  198,  4042,  9000,  9000,  4
  13073,  218,  82,  449,  228,  4072,  7000,  9000,  16
  13154,  212,  82,  399,  282,  2786,  9, -13
  101802,  124,  305,  109,  712,  1628,  9000,  9000, -12
  101883,  124,  305,  141,  636,  1655,  9000,  9000, -7
  101964,  130,  82,  187,  553,  1596,  7000,  9000,  30
  102045,  144,  82,  254,  490,  1549,  9000,  9000,  2
  102125,  160,  82,  309,  448,  1483,  9000,  9000,  11
  102206,  172,  82,  334,  421,  1410,  9000,  9000,  12
  102287,  182,  82,  337,  405,  1323,  9000,  9000,  12
  102368,  182,  82,  308,  408,  1233,  9000,  9000,  9
  102449,  182,  82,  263,  433,  1156,  9000,  9000,  6
  102530,  176,  82,  217,  479,  1085,  9000,  9000,  4
  102611,  168,  305,  174,  1130,  1019,  9000,  7000, -30
  102692,  158,  305,  139,  1265,  792,  9000,  9000, -3
  102772,  148,  305,  120,  1192,  854,  9000,  9000, -11
  102853,  140,  305,  122,  1147,  787,  9000,  9000, -11
  102934,  134,  305,  128,  1105,  706,  9000,  9000, -9
  103015,  132,  305,  145,  1076,  618,  9000,  9000, -7
  103096,  138,  305,  182,  1063,  551,  7000,  7000, -3
  103177,  146,  305,  238,  1068,  497,  7000,  7000, -6
  103258,  158,  305,  295,  1053,  432,  7000,  7000, -10
  103339,  174,  305,  350,  1018,  386,  7000,  7000, -13
  103420,  192,  305,  376,  991,  342,  7000,  5000, -16
  103500,  200,  305,  303,  1035,  310,  7000,  5000, -18
  103581,  204,  305,  239,  1049,  297,  7000,  5000, -18
  103662,  210,  305,  194,  1024,  306,  7000,  5000, -18
  103743,  212,  305,  165,  1014,  422,  7000,  7000, -11
  103824,  210,  305,  148,  1023,  434,  7000,  7000, -10
  103905,  212,  305,  140,  1043,  452,  7000,  7000, -9
  103986,  202,  305,  133,  1058,  471,  7000,  7000, -8
  104067,  182,  305,  182,  1070,  491,  7000,  7000, -6
  104148,  168,  305,  202,  1072,  522,  7000,  7000, -4
  104228,  158,  305,  187,  1058,  563,  7000,  7000, -2
  104309,  152,  305,  173,  1039,  572,  7000,  7000, -1
  104390,  204,  305,  157,  1000,  498,  7000,  7000, -6
  104471,  196,  305,  142,  937,  448,  7000,  7000, -9
  104552,  174,  305,  126,  870,  394,  7000,  7000, -12
  104633,  158,  305,  118,  825,  346,  7000,  5000, -15
  104714,  148,  305,  119,  810,  297,  7000,  5000, -18
  104795,  146,  305,  141,  878,  268,  7000,  5000, -20
  104875,  148,  305,  185,  1058,  254,  7000,  5000, -21
  104956,  160,  305,  164,  1515,  252,  7000,  5000, -21
  105037,  176,  305,  135,  2840,  274,  7000,  5000, -20
  105118,  202,  305,  119,  4969,  328,  7000,  5000, -17
  105199,  192,  305,  117,  4727,  437,  7000,  7000, -10
  105280,  178,  305,  130,  2082,  541,  7000,  7000, -3
  105361,  168,  305,  146,  1224,  662,  9000,  9000, -11
  105442,  164,  305,  162,  1030,  729,  9000,  9000, -8
  105522,  156,  305,  169,  971,  803,  9000,  9000, -8
  105603,  158,  305,  188,  883,  1057,  9000,  9000, -4
  105684,  160,  305,  204,  783,  1455,  9000,  9000, -4
  105765,  170,  305,  216,  701,  2244,  9000,  9000, -4
  105846,  182,  305,  230,  656,  3120,  9000,  9000, -3
  105927,  186,  305,  250,  618,  3242,  9000,  9000, -3
  106008,  190,  86,  274,  580,  3300,  7000,  9000,  30
  106089,  194,  88,  301,  545,  3354,  9000,  9000,  1
  106169,  196,  88,  311,  540,  3267,  9000,  9000,  9
  106250,  198,  88,  296,  569,  3021,  9000,  9000,  9
  106331,  196,  305,  279,  601,  2809,  9000,  7000, -30
  106412,  194,  305,  246,  671,  1891,  9000,  9000,  4
  106493,  190,  305,  228,  740,  1717,  9000,  9000, -5
  106574,  178,  305,  219,  782,  1491,  9000,  9000, -6
  106655,  174,  305,  203,  805,  1518,  9000,  9000, -5
  106736,  168,  305,  197,  791,  1518,  9000,  9000, -6
  106817,  172,  305,  206,  747,  2313,  9000,  9000, -5
  106897,  176,  305,  220,  702,  2362,  9000,  9000, -4
  106978,  178,  305,  242,  657,  2418,  9000,  9000, -3
  107059,  184,  305,  272,  610,  2492,  9000,  9000, -2
  107140,  196,  88,  310,  567,  2492,  7000,  9000,  30
  107221,  202,  88,  328,  534,  2430,  9000,  9000,  2
  107302,  200,  86,  334,  526,  2347,  9000,  9000,  11
  107383,  202,  86,  316,  546,  2167,  9000,  9000,  10
  107464,  206,  86,  300,  566,  1983,  9000,  9000,  9
  107545,  202,  305,  271,  613,  1765,  9000,  7000, -30
  107625,  196,  305,  233,  691,  1579,  9000,  9000,  4
  107706,  186,  305,  202,  774,  1455,  9000,  9000, -8
  107787,  174,  305,  182,  820,  1283,  9000,  9000, -7
  107868,  166,  305,  168,  857,  1257,  9000,  9000, -8
  107949,  158,  305,  169,  833,  1272,  9000,  9000, -8
  108030,  154,  305,  187,  771,  1278,  9000,  9000, -6
  108111,  158,  305,  216,  705,  1313,  9000,  9000, -3
  108192,  168,  305,  236,  641,  1359,  9000,  9000, -3
  108273,  180,  108,  241,  585,  1387,  7000,  9000,  30
  108354,  192,  110,  288,  545,  1389,  9000,  9000,  1
  108434,  196,  112,  316,  528,  1276,  9000,  9000,  9
  108515,  174,  112,  310,  538,  1132,  9000,  9000,  7
  108596,  176,  112,  300,  557,  998,  9000,  9000,  8
  108677,  176,  305,  274,  1381,  833,  9000,  7000, -27
  108758,  174,  305,  243,  1376,  696,  9000,  9000,  4
  108839,  176,  305,  222,  1355,  610,  9000,  9000, -3
  108920,  174,  305,  215,  1318,  520,  7000,  7000, -5
  109001,  168,  305,  205,  1201,  454,  7000,  7000, -9
  109082,  166,  305,  207,  1121,  404,  7000,  7000, -12
  109162,  166,  305,  225,  1086,  377,  7000,  7000, -13
  109243,  172,  305,  203,  1087,  365,  7000,  7000, -14
  109324,  180,  305,  173,  1116,  370,  7000,  7000, -14
  109405,  194,  305,  150,  1080,  399,  7000,  7000, -12
  109486,  204,  305,  140,  1048,  465,  7000,  7000, -8
  109567,  186,  305,  135,  1018,  412,  7000,  7000, -11
  109648,  174,  305,  137,  995,  394,  7000,  7000, -12
  109729,  164,  305,  142,  971,  362,  7000,  7000, -14
  109810,  156,  305,  156,  953,  345,  7000,  5000, -15
  109890,  154,  305,  182,  943,  359,  7000,  5000, -15
  109971,  160,  305,  180,  971,  397,  7000,  7000, -12
  110052,  174,  305,  166,  1032,  456,  7000,  7000, -9
  110133,  190,  305,  160,  998,  537,  7000,  7000, -3
  110214,  202,  305,  159,  979,  542,  7000,  7000, -3
  110295,  190,  305,  157,  955,  495,  7000,  7000, -6
  110376,  178,  305,  148,  913,  458,  7000,  7000, -8
  110457,  168,  305,  144,  866,  403,  7000,  7000, -12
  110538,  162,  305,  143,  822,  349,  7000,  5000, -15
  110618,  154,  305,  155,  796,  323,  7000,  5000, -17
  110699,  154,  305,  188,  811,  297,  7000,  5000, -18
  110780,  164,  305,  204,  875,  293,  7000,  5000, -19
  110861,  182,  305,  170,  1019,  313,  7000,  5000, -17
  110942,  202,  305,  148,  1370,  347,  7000,  5000, -15
  111023,  200,  305,  142,  2809,  462,  7000,  7000, -8
  111104,  196,  305,  145,  4671,  420,  7000,  7000, -11
  111185,  186,  305,  151,  4982,  411,  7000,  7000, -11
  111266,  176,  305,  159,  4510,  406,  7000,  7000, -12
  111347,  168,  305,  173,  4140,  407,  7000,  7000, -12
  111427,  168,  305,  199,  1843,  420,  7000,  7000, -11
  111508,  172,  305,  179,  1293,  455,  7000,  7000, -9
  111589,  174,  305,  158,  1053,  508,  7000,  7000, -5
  111670,  184,  305,  153,  883,  613,  9000,  9000, -10
  111751,  192,  305,  151,  778,  781,  9000,  9000, -11
  111832,  174,  305,  145,  725,  957,  9000,  9000, -12
  111913,  166,  305,  148,  659,  1373,  9000,  9000, -11
  111994,  158,  114,  168,  578,  2567,  7000,  9000,  30
  112075,  164,  102,  206,  498,  3599,  9000,  9000,  1
  112155,  168,  96,  247,  441,  3519,  9000,  9000,  7
  112236,  174,  96,  304,  412,  3455,  9000,  9000,  10
  112317,  176,  96,  311,  407,  3374,  9000,  9000,  9
  112398,  180,  96,  292,  437,  3292,  9000,  9000,  9
  112479,  176,  96,  255,  487,  3087,  9000,  9000,  5
  112560,  168,  96,  216,  559,  1629,  9000,  9000,  5
  112641,  160,  305,  174,  663,  995,  9000,  7000, -30
  112722,  174,  305,  140,  773,  748,  9000,  9000, -3
  112803,  152,  305,  110,  853,  624,  9000,  7000, -15
  112883,  138,  305,  91,  881,  621,  9000,  9000, -14
  112964,  128,  305,  89,  833,  838,  9000,  9000, -14
  113045,  122,  305,  108,  725,  1500,  9000,  9000, -11
  113126,  124,  305,  144,  633,  2630,  9000,  9000, -7
  113207,  134,  96,  193,  550,  2559,  7000,  9000,  30
  113288,  148,  96,  256,  485,  2517,  9000,  9000,  1
  113369,  162,  96,  300,  450,  2455,  9000,  9000,  10
  113450,  176,  96,  318,  437,  2379,  9000,  9000,  11
  113530,  178,  94,  315,  438,  2294,  9000,  9000,  9
  113611,  178,  94,  286,  464,  2205,  9000,  9000,  8
  113692,  180,  94,  245,  516,  2120,  9000,  9000,  7
  113773,  174,  94,  203,  597,  1624,  9000,  9000,  3
  113854,  166,  305,  162,  697,  1001,  9000,  7000, -30
  113935,  154,  305,  127,  779,  728,  9000,  9000, -4
  114016,  142,  305,  108,  802,  759,  9000,  9000, -13
  114097,  132,  305,  103,  764,  926,  9000,  9000, -13
  114178,  126,  305,  110,  710,  1517,  9000,  9000, -11
  114258,  124,  305,  138,  638,  1596,  9000,  9000, -8
  114339,  130,  96,  178,  555,  1534,  7000,  9000,  30
  114420,  146,  98,  243,  490,  1488,  9000,  9000,  1
  114501,  160,  98,  304,  445,  1432,  9000,  9000,  11
  114582,  174,  98,  329,  418,  1360,  9000,  9000,  11
  114663,  180,  98,  336,  397,  1275,  9000,  9000,  11
  114744,  182,  98,  307,  401,  1173,  9000,  9000,  9
  114825,  182,  98,  263,  424,  1092,  9000,  9000,  7
  114906,  176,  98,  222,  466,  1025,  9000,  9000,  5
  114987,  170,  305,  179,  1303,  964,  9000,  7000, -30
  115067,  160,  305,  140,  1208,  792,  9000,  9000, -5
  115148,  148,  305,  114,  1123,  693,  9000,  9000, -12
  115229,  136,  305,  100,  1064,  732,  9000,  9000, -13
  115310,  128,  305,  99,  1014,  645,  9000,  9000, -13
  115391,  126,  305,  115,  985,  565,  7000,  7000, -2
  115472,  126,  305,  149,  970,  491,  7000,  7000, -6
  115553,  134,  305,  200,  977,  441,  7000,  7000, -9
  115634,  144,  305,  243,  949,  390,  7000,  7000, -13
  115715,  156,  305,  293,  917,  341,  7000,  5000, -16
  115795,  176,  305,  327,  923,  296,  7000,  5000, -19
  115876,  196,  305,  261,  1030,  277,  7000,  5000, -20
  115957,  204,  305,  206,  1067,  274,  7000,  5000, -20
  116038,  208,  305,  169,  1051,  287,  7000,  5000, -19
  116119,  204,  305,  146,  1056,  432,  7000,  7000, -10
  116200,  210,  305,  137,  1086,  464,  7000,  7000, -8
  116281,  204,  305,  135,  1127,  497,  7000,  7000, -6
  116362,  190,  305,  135,  1150,  520,  7000,  7000, -5
  116443,  176,  305,  186,  1142,  537,  7000,  7000, -3
  116524,  164,  305,  203,  1122,  550,  7000,  7000, -3
  116604,  154,  305,  184,  1090,  551,  7000,  7000, -3
  116685,  148,  305,  168,  1052,  557,  7000,  7000, -2
  116766,  166,  305,  151,  1008,  537,  7000,  7000, -3
  116847,  186,  305,  135,  950,  457,  7000,  7000, -8
  116928,  168,  305,  120,  889,  403,  7000,  7000, -12
  117009,  154,  305,  105,  833,  353,  7000,  5000, -15
  117090,  142,  305,  106,  815,  311,  7000,  5000, -18
  117171,  140,  305,  125,  881,  281,  7000,  5000, -19
  117252,  142,  305,  167,  1052,  264,  7000,  5000, -21
  117332,  148,  305,  177,  1472,  262,  7000,  5000, -21
  117413,  168,  305,  143,  2607,  281,  7000,  5000, -19
  117494,  194,  305,  127,  4945,  335,  7000,  5000, -16
  117575,  202,  305,  123,  4234,  442,  7000,  7000, -9
  117656,  184,  305,  131,  1497,  529,  7000,  7000, -4
  117737,  172,  305,  143,  1346,  612,  9000,  9000, -9
  117818,  166,  305,  151,  1114,  664,  9000,  9000, -9
  117899,  158,  305,  157,  1038,  727,  9000,  9000, -8
  117980,  158,  305,  172,  945,  889,  9000,  9000, -7
  118060,  158,  305,  190,  843,  1205,  9000,  9000, -5
  118141,  166,  305,  201,  744,  1633,  9000,  9000, -5
  118222,  176,  305,  220,  675,  2690,  9000,  9000, -4
  118303,  182,  305,  244,  622,  3257,  9000,  9000, -3
  118384,  186,  82,  275,  577,  3376,  7000,  9000,  30
  118465,  194,  82,  308,  534,  3463,  9000,  9000,  2
  118546,  196,  82,  321,  528,  3301,  9000,  9000,  10
  118627,  198,  82,  306,  551,  3086,  9000,  9000,  9
  118708,  196,  82,  286,  587,  2884,  9000,  9000,  9
  118788,  198,  305,  255,  659,  2362,  9000,  7000, -30
  118869,  190,  305,  215,  758,  1437,  9000,  9000,  3
  118950,  178,  305,  198,  851,  949,  9000,  9000, -6
  119031,  170,  305,  174,  920,  794,  9000,  9000, -7
  119112,  160,  305,  153,  963,  785,  9000,  9000, -9
  119193,  150,  305,  144,  928,  1030,  9000,  9000, -10
  119274,  152,  305,  147,  866,  1375,  9000,  9000, -9
  119355,  150,  305,  165,  788,  2226,  9000,  9000, -7
  119435,  152,  305,  197,  702,  2406,  9000,  9000, -5
  119516,  164,  305,  243,  634,  2517,  9000,  9000, -2
  119597,  176,  82,  297,  573,  2476,  7000,  9000,  30
  119678,  186,  82,  347,  526,  2432,  9000,  9000,  4
  119759,  198,  82,  375,  506,  2343,  9000,  9000,  14
  119840,  196,  82,  361,  514,  2244,  9000,  9000,  12
  119921,  202,  82,  335,  533,  2116,  9000,  9000,  11
  120002,  200,  82,  292,  583,  1803,  9000,  9000,  8
  120082,  196,  305,  246,  665,  1573,  9000,  7000, -30
  120163,  182,  305,  202,  771,  1328,  9000,  9000,  2
  120244,  174,  305,  173,  863,  1045,  9000,  9000, -8
  120325,  164,  305,  159,  891,  998,  9000,  9000, -8
  120406,  152,  305,  148,  900,  1128,  9000,  9000, -10
  120487,  148,  305,  156,  855,  1173,  9000,  9000, -8
  120568,  148,  305,  178,  779,  1195,  9000,  9000, -6
  120649,  154,  305,  193,  698,  1246,  9000,  9000, -6
  120730,  166,  305,  201,  626,  1302,  9000,  9000, -5
  120810,  178,  82,  266,  570,  1356,  7000,  9000,  30
  120891,  178,  82,  349,  520,  1298,  9000,  9000,  3
  120972,  176,  82,  400,  492,  1217,  9000,  9000,  13
  121053,  184,  82,  413,  484,  1137,  9000,  9000,  14
  121134,  194,  82,  398,  523,  1030,  9000,  9000,  14
  121215,  202,  305,  355,  1324,  821,  9000,  7000, -27
  121296,  200,  305,  304,  1288,  654,  9000,  9000,  6
  121377,  196,  305,  261,  1272,  530,  7000,  7000, -4
  121458,  190,  305,  226,  1127,  436,  7000,  7000, -10
  121538,  182,  305,  204,  989,  361,  7000,  7000, -14
  121619,  178,  305,  208,  919,  313,  7000,  5000, -17
  121700,  178,  305,  192,  907,  294,  7000,  5000, -19
  121781,  184,  305,  160,  983,  330,  7000,  5000, -16
  121862,  196,  305,  143,  1069,  388,  7000,  7000, -13
  121943,  200,  305,  141,  1042,  458,  7000,  7000, -8
  122024,  188,  305,  145,  1024,  440,  7000,  7000, -10
  122105,  176,  305,  153,  1010,  420,  7000,  7000, -11
  122185,  170,  305,  164,  991,  400,  7000,  7000, -12
  122266,  166,  305,  180,  969,  387,  7000,  7000, -13
  122347,  166,  305,  204,  959,  381,  7000,  7000, -13
  122428,  170,  305,  185,  961,  394,  7000,  7000, -12
  122509,  180,  305,  165,  982,  422,  7000,  7000, -11
  122590,  194,  305,  152,  985,  484,  7000,  7000, -7
  122671,  206,  305,  147,  939,  511,  7000,  7000, -5
  122752,  186,  305,  147,  923,  468,  7000,  7000, -8
  122833,  176,  305,  148,  896,  428,  7000,  7000, -10
  122913,  164,  305,  149,  860,  378,  7000,  7000, -13
  122994,  160,  305,  159,  831,  344,  7000,  5000, -16
  123075,  156,  305,  181,  820,  315,  7000,  5000, -17
  123156,  166,  305,  219,  860,  304,  7000,  5000, -18
  123237,  180,  305,  194,  973,  308,  7000,  5000, -18
  123318,  196,  305,  167,  1206,  346,  7000,  5000, -15
  123399,  204,  305,  153,  2084,  415,  7000,  7000, -11
  123480,  204,  305,  152,  4110,  425,  7000,  7000, -10
  123560,  198,  305,  155,  4848,  420,  7000,  7000, -11
  123641,  186,  305,  162,  4794,  414,  7000,  7000, -11
  123722,  176,  305,  173,  4141,  414,  7000,  7000, -11
  123803,  174,  305,  196,  2535,  425,  7000,  7000, -10
  123884,  174,  305,  201,  1485,  455,  7000,  7000, -9
  123965,  176,  305,  170,  1115,  498,  7000,  7000, -6
  124046,  186,  305,  160,  941,  558,  7000,  7000, -2
  124127,  192,  305,  155,  819,  726,  9000,  9000, -10
  124208,  184,  305,  148,  768,  764,  9000,  9000, -12
  124288,  168,  305,  135,  758,  843,  9000,  9000, -12
  124369,  156,  305,  133,  708,  1172,  9000,  9000, -11
  124450,  150,  305,  147,  621,  1998,  9000,  9000, -10
  124531,  154,  82,  180,  530,  3543,  7000,  9000,  30
  124612,  158,  82,  237,  464,  3480,  9000,  9000, -1
  124693,  168,  82,  309,  415,  3415,  9000,  9000,  12
  124774,  176,  82,  344,  390,  3358,  9000,  9000,  12
  124855,  182,  82,  360,  386,  3259,  9000,  9000,  12
  124936,  182,  82,  329,  406,  3202,  9000,  9000,  11
  125017,  190,  82,  287,  455,  3093,  9000,  9000,  10
  125097,  194,  82,  241,  530,  1877,  9000,  9000,  6
  125178,  186,  305,  195,  644,  1005,  9000,  7000, -30
  125259,  174,  305,  150,  781,  674,  9000,  9000, -2
  125340,  160,  305,  118,  898,  591,  7000,  7000,  0
  125421,  144,  305,  99,  917,  578,  7000,  7000, -1
  125502,  130,  305,  83,  910,  565,  7000,  7000, -2
  125583,  122,  305,  71,  924,  544,  7000,  7000, -3
  125664,  112,  305,  53,  934,  516,  7000,  7000, -5
  125745,  104,  305,  43,  937,  512,  7000,  7000, -5
  125825,  98,  305,  39,  927,  536,  7000,  7000, -4
  125906,  94,  305,  33,  897,  610,  9000,  7000, -18
  125987,  90,  305,  31,  861,  773,  9000,  7000, -17
  126068,  90,  305,  41,  789,  1596,  9000,  7000, -16
  126149,  90,  305,  82,  676,  2207,  9000,  9000, -9
  126230,  100,  82,  162,  568,  2192,  7000,  9000,  30
  126311,  120,  82,  266,  493,  2243,  9000,  9000,  5
  126392,  142,  82,  362,  438,  1379,  7000,  9000,  15
  126473,  162,  82,  400,  416,  2101,  7000,  9000,  15
  126553,  172,  82,  375,  417,  1936,  9000,  9000,  14
  126634,  172,  82,  307,  454,  1824,  9000,  9000,  9
  126715,  168,  82,  248,  515,  1731,  9000,  9000,  6
  126796,  164,  82,  197,  580,  1654,  9000,  9000,  4
  126877,  154,  305,  153,  653,  992,  9000,  7000, -30
  126958,  144,  305,  118,  722,  728,  9000,  9000, -4
  127039,  132,  305,  97,  744,  739,  9000,  9000, -14
  127120,  126,  305,  92,  714,  876,  9000,  9000, -14
  127201,  120,  305,  99,  662,  1306,  9000,  9000, -12
  127281,  120,  82,  125,  589,  1223,  7000,  9000,  30
  127362,  124,  82,  169,  513,  1160,  9000,  9000, -2
  127443,  136,  82,  224,  461,  1105,  9000,  9000,  9
  127524,  146,  82,  262,  423,  1042,  9000,  9000,  9
  127605,  156,  82,  287,  395,  963,  9000,  9000,  10
  127686,  162,  82,  273,  389,  876,  9000,  9000,  9
  127767,  164,  305,  239,  1287,  780,  9000,  7000, -30
  127848,  162,  305,  203,  1189,  704,  9000,  9000,  2
  127929,  156,  305,  176,  1055,  631,  9000,  9000, -8
  128009,  152,  305,  159,  951,  560,  7000,  7000, -2
  128090,  146,  305,  148,  865,  487,  7000,  7000, -7
  128171,  142,  305,  154,  804,  417,  7000,  7000, -11
  128252,  142,  305,  164,  749,  364,  7000,  7000, -14
  128333,  144,  305,  185,  702,  295,  7000,  5000, -19
  128414,  150,  305,  229,  686,  250,  7000,  5000, -21
  128495,  166,  305,  264,  712,  219,  7000,  5000, -23
  128576,  190,  305,  193,  831,  193,  7000,  5000, -25
  128657,  210,  305,  140,  1030,  192,  7000,  5000, -25
  128737,  208,  305,  106,  1040,  206,  7000,  5000, -24
  128818,  198,  305,  82,  1043,  220,  7000,  5000, -23
  128899,  198,  305,  65,  1048,  357,  7000,  5000, -15
  128980,  172,  305,  50,  1056,  358,  7000,  5000, -15
  129061,  148,  305,  46,  1077,  377,  7000,  7000, -13
  129142,  132,  305,  53,  1132,  433,  7000,  7000, -10
  129223,  124,  305,  106,  1181,  491,  7000,  7000, -6
  129304,  118,  305,  163,  1213,  599,  7000,  7000,  0
  129385,  118,  305,  160,  1243,  624,  9000,  9000, -5
  129465,  118,  305,  151,  1222,  569,  7000,  7000, -1
  129546,  172,  305,  138,  1157,  510,  7000,  7000, -5
  129627,  160,  305,  130,  1105,  463,  7000,  7000, -8
  129708,  148,  305,  120,  1046,  407,  7000,  7000, -12
  129789,  142,  305,  116,  999,  360,  7000,  5000, -15
  129870,  136,  305,  128,  1004,  319,  7000,  5000, -17
  129951,  138,  305,  161,  1133,  296,  7000,  5000, -19
  130032,  144,  305,  202,  1492,  293,  7000,  5000, -19
  130113,  158,  305,  174,  2321,  305,  7000,  5000, -18
  130193,  182,  305,  151,  4713,  347,  7000,  5000, -15
  130274,  200,  305,  142,  4798,  429,  7000,  7000, -10
  130355,  198,  305,  146,  3249,  521,  7000,  7000, -4
  130436,  186,  305,  150,  1724,  585,  7000,  7000,  0
  130517,  176,  305,  158,  1205,  630,  9000,  9000, -10
  130598,  168,  305,  156,  1143,  619,  9000,  9000, -9
  130679,  158,  305,  149,  1158,  602,  9000,  9000, -9
  130760,  154,  305,  155,  1078,  677,  9000,  9000, -8
  130841,  152,  305,  164,  954,  898,  9000,  9000, -7
  130922,  156,  305,  169,  850,  1267,  9000,  9000, -7
  131002,  164,  610,  183,  757,  2094,  9000,  7000, -30
  131083,  168,  610,  210,  679,  3161,  9000,  9000, -6
  131164,  174,  610,  256,  593,  3467,  9000,  9000, -14
  131245,  182,  610,  332,  517,  3514,  9000,  9000, -7
  131326,  196,  610,  450,  455,  2245,  9000,  9000, -2
  131407,  305,  610,  621,  390,  1373,  7000,  9000,  20
  131488,  305,  610,  790,  338,  1131,  9000,  9000,  4
  131569,  305,  610,  842,  309,  1165,  9000,  9000,  7
  131650,  305,  610,  799,  299,  1334,  9000,  9000,  6
  131730,  305,  610,  749,  294,  1600,  9000,  9000,  5
  131811,  305,  610,  701,  295,  2309,  9000,  9000,  4
  131892,  305,  610,  654,  302,  2932,  9000,  9000,  3
  131973,  305,  610,  614,  316,  2823,  9000,  9000,  1
  132054,  224,  610,  582,  332,  2749,  9000,  9000, -13
  132135,  230,  610,  560,  348,  2692,  9000,  9000,  1
  132216,  236,  610,  561,  338,  2590,  9000,  9000,  2
  132297,  236,  610,  598,  305,  2526,  9000,  9000,  3
  132378,  305,  610,  634,  285,  2452,  7000,  9000,  15
  132458,  305,  610,  640,  280,  2358,  9000,  9000,  1
  132539,  248,  610,  597,  296,  2287,  9000,  9000, -8
  132620,  248,  610,  533,  344,  2035,  9000,  9000, -4
  132701,  242,  610,  510,  373,  1967,  9000,  9000, -5
  132782,  240,  610,  534,  360,  1995,  9000,  9000, -1
  132863,  224,  610,  576,  330,  1993,  9000,  9000,  0
  132944,  305,  610,  623,  301,  1904,  7000,  9000,  17
  133025,  305,  610,  660,  285,  1838,  9000,  9000,  1
  133106,  305,  610,  631,  291,  1770,  9000,  9000,  2
  133186,  234,  610,  565,  319,  1625,  9000,  9000, -12
  133267,  230,  610,  498,  343,  1513,  9000,  9000, -3
  133348,  234,  610,  500,  350,  1487,  9000,  9000, -2
  133429,  242,  610,  553,  313,  1469,  9000,  9000,  5
  133510,  305,  610,  610,  282,  1389,  9000,  9000,  14
  133591,  305,  610,  642,  263,  1314,  9000,  9000,  3
  133672,  305,  610,  625,  272,  1234,  9000,  9000,  2
  133753,  320,  610,  564,  311,  1109,  9000,  9000, -1
  133834,  224,  610,  523,  352,  999,  9000,  7000, -19
  133914,  226,  305,  509,  1143,  915,  7000,  9000,  30
  133995,  228,  305,  533,  1153,  903,  9000,  9000,  0
  134076,  228,  305,  575,  1103,  872,  9000,  9000,  7
  134157,  224,  305,  537,  1063,  787,  9000,  9000,  7
  134238,  222,  305,  486,  1018,  717,  9000,  9000,  6
  134319,  228,  305,  432,  983,  617,  9000,  9000,  5
  134400,  230,  305,  376,  940,  503,  7000,  7000, -6
  134481,  224,  305,  316,  778,  407,  7000,  7000, -12
  134562,  224,  610,  259,  639,  321,  7000,  5000, -17
  134642,  224,  610,  208,  567,  288,  7000,  5000, -19
  134723,  222,  610,  170,  565,  303,  7000,  5000, -18
  134804,  206,  610,  147,  625,  264,  7000,  5000, -21
  134885,  204,  610,  142,  723,  233,  7000,  5000, -22
  134966,  202,  610,  148,  705,  214,  7000,  5000, -24
  135047,  188,  610,  153,  695,  215,  7000,  5000, -24
  135128,  182,  610,  122,  695,  209,  7000,  5000, -24
  135209,  184,  610,  95,  699,  231,  7000,  5000, -23
  135289,  190,  610,  67,  698,  212,  7000,  5000, -24
  135370,  176,  610,  54,  701,  230,  7000,  5000, -23
  135451,  154,  610,  42,  704,  253,  7000,  5000, -21
  135532,  136,  610,  38,  722,  297,  7000,  5000, -18
  135613,  124,  305,  39,  780,  344,  7000,  5000, -16
  135694,  116,  305,  46,  800,  309,  7000,  5000, -18
  135775,  112,  305,  76,  807,  290,  7000,  5000, -19
  135856,  114,  305,  123,  864,  283,  7000,  5000, -19
  135937,  122,  305,  174,  973,  288,  7000,  5000, -19
  136017,  140,  305,  171,  1174,  319,  7000,  5000, -17
  136098,  164,  305,  154,  1752,  377,  7000,  7000, -13
  136179,  182,  305,  150,  3827,  495,  7000,  7000, -6
  136260,  198,  305,  151,  5032,  466,  7000,  7000, -8
  136341,  186,  305,  153,  5041,  457,  7000,  7000, -8
  136422,  174,  305,  155,  4575,  440,  7000,  7000, -10
  136503,  168,  305,  163,  4585,  426,  7000,  7000, -10
  136584,  164,  305,  175,  2488,  417,  7000,  7000, -11
  136665,  164,  305,  198,  1662,  426,  7000,  7000, -10
  136745,  166,  305,  173,  1261,  453,  7000,  7000, -9
  136826,  170,  305,  151,  1062,  500,  7000,  7000, -6
  136907,  182,  305,  146,  898,  577,  7000,  7000, -1
  136988,  190,  305,  142,  793,  759,  9000,  9000, -12
  137069,  172,  610,  135,  754,  805,  9000,  7000, -30
  137150,  158,  610,  126,  741,  948,  9000,  7000, -16
  137231,  150,  610,  139,  642,  1966,  9000,  7000, -23
  137312,  150,  610,  183,  527,  3630,  9000,  9000, -13
  137393,  160,  610,  257,  440,  3587,  9000,  9000, -7
  137473,  174,  610,  396,  367,  1792,  9000,  9000,  2
  137554,  194,  610,  570,  298,  1109,  9000,  9000,  10
  137635,  305,  610,  743,  251,  900,  7000,  9000,  26
  137716,  305,  610,  797,  221,  945,  9000,  9000,  6
  137797,  305,  610,  698,  217,  1419,  9000,  9000,  7
  137878,  228,  610,  582,  241,  2597,  9000,  9000, -10
  137959,  200,  610,  502,  270,  3054,  9000,  9000, -4
  138040,  198,  610,  456,  298,  2978,  9000,  9000, -3
  138121,  204,  610,  469,  294,  2907,  9000,  9000,  0
  138201,  210,  610,  504,  273,  2830,  9000,  9000,  3
  138282,  208,  610,  536,  252,  2752,  9000,  9000,  4
  138363,  210,  610,  553,  239,  2676,  9000,  9000,  4
  138444,  218,  610,  550,  237,  2597,  9000,  9000,  3
  138525,  220,  610,  534,  241,  2527,  9000,  9000,  2
  138606,  224,  610,  516,  246,  2452,  9000,  9000,  2
  138687,  214,  610,  499,  251,  2375,  9000,  9000,  0
  138768,  218,  610,  479,  269,  2285,  9000,  9000,  0
  138849,  220,  610,  465,  288,  2209,  9000,  9000, -2
  138930,  218,  610,  455,  300,  2139,  9000,  9000, -2
  139010,  218,  610,  446,  310,  2061,  9000,  9000, -5
  139091,  218,  610,  446,  311,  1984,  9000,  9000, -3
  139172,  218,  610,  457,  304,  1908,  9000,  9000, -1
  139253,  220,  610,  478,  290,  1822,  9000,  9000,  2
  139334,  220,  610,  503,  272,  1751,  9000,  9000,  0
  139415,  224,  610,  515,  262,  1678,  9000,  9000,  4
  139496,  224,  610,  517,  262,  1602,  9000,  9000,  1
  139577,  230,  610,  514,  256,  1528,  9000,  9000,  2
  139658,  228,  610,  501,  254,  1453,  9000,  9000,  1
  139738,  224,  610,  485,  255,  1379,  9000,  9000,  0
  139819,  222,  610,  471,  254,  1295,  9000,  9000,  0
  139900,  222,  610,  458,  255,  1221,  9000,  9000,  0
  139981,  218,  610,  446,  257,  1147,  9000,  9000,  0
  140062,  224,  610,  436,  253,  1077,  9000,  9000,  0
  140143,  218,  610,  427,  253,  1002,  9000,  9000, -1
  140224,  214,  610,  417,  253,  926,  9000,  9000, -1
  140305,  214,  610,  406,  266,  834,  9000,  9000, -2
  140386,  214,  305,  398,  1109,  754,  7000,  9000,  22
  140466,  214,  305,  391,  1040,  677,  9000,  9000, -1
  140547,  214,  305,  376,  949,  606,  9000,  9000,  2
  140628,  208,  305,  346,  844,  536,  7000,  7000, -4
  140709,  208,  610,  321,  741,  463,  7000,  7000, -8
  140790,  206,  610,  307,  662,  403,  7000,  7000, -12
  140871,  196,  610,  309,  606,  327,  7000,  5000, -17
  140952,  202,  610,  330,  564,  278,  7000,  5000, -20
  141033,  210,  610,  358,  549,  221,  7000,  5000, -23
  141114,  206,  610,  260,  567,  189,  7000,  5000, -25
  141194,  214,  610,  176,  628,  160,  7000,  5000, -27
  141275,  216,  610,  119,  742,  140,  7000,  5000, -28
  141356,  210,  305,  74,  867,  124,  7000,  5000, -29
  141437,  208,  305,  38,  847,  106,  7000,  5000, -30
  141518,  192,  305,  18,  825,  96,  7000,  5000, -30
  141599,  154,  305,  3,  803,  187,  7000,  5000, -25
  141680,  124,  305,  0,  789,  180,  7000,  5000, -26
  141761,  106,  305,  0,  812,  196,  7000,  5000, -25
  141842,  92,  305,  57,  844,  212,  7000,  5000, -24
  141922,  84,  305,  45,  873,  230,  7000,  5000, -23
  142003,  84,  305,  39,  912,  259,  7000,  5000, -21
  142084,  88,  305,  35,  968,  317,  7000,  5000, -17
  142165,  122,  305,  38,  1023,  402,  7000,  7000, -12
  142246,  114,  305,  42,  1080,  456,  7000,  7000, -9
  142327,  108,  305,  60,  1179,  429,  7000,  7000, -10
  142408,  108,  305,  88,  1290,  395,  7000,  7000, -12
  142489,  110,  305,  120,  1436,  369,  7000,  7000, -14
  142570,  116,  305,  160,  1741,  349,  7000,  5000, -15
  142651,  130,  305,  207,  2177,  337,  7000,  5000, -16
  142731,  148,  305,  187,  3829,  355,  7000,  5000, -15
  142812,  174,  305,  168,  4177,  391,  7000,  7000, -13
  142893,  200,  305,  157,  4131,  471,  7000,  7000, -8
  142974,  200,  305,  153,  2811,  531,  7000,  7000, -4
  143055,  190,  305,  153,  1796,  583,  7000,  7000, -1
  143136,  182,  305,  155,  1362,  596,  7000,  7000,  0
  143217,  170,  305,  149,  1244,  584,  7000,  7000, -1
  143298,  164,  305,  140,  1248,  553,  7000,  7000, -2
  143379,  152,  305,  130,  1279,  511,  7000,  7000, -5
  143459,  148,  305,  120,  1325,  465,  7000,  7000, -8
  143540,  140,  305,  110,  1330,  451,  7000,  7000, -9
  143621,  134,  305,  99,  1270,  469,  7000,  7000, -8
  143702,  128,  305,  93,  1159,  544,  7000,  7000, -3
  143783,  128,  305,  91,  1055,  721,  9000,  9000, -13
  143864,  132,  305,  96,  968,  893,  9000,  9000, -12
  143945,  122,  305,  98,  910,  1216,  9000,  9000, -13
  144026,  122,  305,  117,  824,  2147,  9000,  9000, -9
  144107,  124,  305,  152,  729,  3276,  9000,  9000, -6
  144188,  136,  305,  212,  631,  3361,  9000,  9000, -3
  144268,  152,  82,  300,  557,  3355,  7000,  9000,  30
  144349,  170,  82,  396,  506,  3054,  9000,  9000,  7
  144430,  182,  82,  428,  484,  3248,  7000,  9000,  15
  144511,  190,  82,  411,  489,  3110,  9000,  9000,  14
  144592,  194,  82,  360,  525,  3034,  9000,  9000,  12
  144673,  190,  82,  300,  594,  2640,  9000,  9000,  8
  144754,  184,  305,  247,  687,  1738,  9000,  7000, -30
  144835,  186,  305,  197,  831,  1034,  9000,  9000,  3
  144916,  180,  305,  162,  947,  782,  9000,  9000, -10
  144996,  166,  305,  138,  990,  687,  9000,  9000, -11
  145077,  152,  305,  116,  1025,  642,  9000,  9000, -12
  145158,  140,  305,  106,  994,  898,  9000,  9000, -13
  145239,  132,  305,  113,  900,  1280,  9000,  9000, -12
  145320,  130,  305,  134,  805,  1992,  9000,  9000, -8
  145401,  134,  305,  160,  715,  2129,  9000,  9000, -7
  145482,  146,  305,  222,  625,  2213,  9000,  9000, -3
  145563,  160,  82,  308,  559,  2196,  7000,  9000,  30
  145644,  168,  82,  406,  510,  2162,  9000,  9000,  5
  145725,  186,  82,  461,  484,  2082,  7000,  9000,  17
  145805,  198,  82,  456,  479,  1975,  7000,  9000,  16
  145886,  200,  82,  409,  493,  1855,  9000,  9000,  14
  145967,  202,  82,  330,  551,  1598,  9000,  9000,  10
  146048,  196,  305,  266,  656,  1352,  9000,  7000, -30
  146129,  190,  305,  214,  811,  1194,  9000,  9000,  3
  146210,  178,  305,  177,  1261,  865,  9000,  9000, -6
  146291,  168,  305,  152,  1875,  715,  9000,  9000, -7
  146372,  156,  305,  141,  1805,  716,  9000,  9000, -9
  146453,  146,  305,  79,  1799,  913,  9000,  7000, -17
  146533,  140,  305,  71,  1738,  887,  9000,  7000, -15
  146614,  192,  305,  111,  1580,  928,  9000,  9000, -7
  146695,  116,  305,  185,  1296,  1033,  9000,  9000, -11
  146776,  136,  82,  291,  585,  1101,  7000,  9000,  30
  146857,  164,  82,  427,  518,  1068,  9000,  9000,  10
  146938,  194,  82,  557,  475,  1026,  7000,  9000,  20
  147019,  202,  305,  524,  776,  925,  9000,  7000, -27
  147100,  206,  305,  470,  1232,  818,  7000,  9000,  17
  147181,  200,  305,  417,  1176,  683,  9000,  9000,  3
  147262,  206,  305,  363,  1145,  511,  7000,  7000, -5
  147342,  204,  305,  312,  1021,  392,  7000,  7000, -13
  147423,  202,  305,  257,  820,  312,  7000,  5000, -18
  147504,  200,  305,  205,  750,  272,  7000,  5000, -20
  147585,  206,  305,  164,  773,  278,  7000,  5000, -20
  147666,  214,  305,  138,  911,  322,  7000,  5000, -17
  147747,  204,  305,  129,  958,  361,  7000,  7000, -14
  147828,  194,  305,  131,  945,  351,  7000,  5000, -15
  147909,  176,  305,  140,  938,  345,  7000,  5000, -15
  147990,  168,  305,  162,  948,  355,  7000,  5000, -15
  148070,  168,  305,  188,  980,  389,  7000,  7000, -13
  148151,  174,  305,  174,  1037,  436,  7000,  7000, -10
  148232,  182,  305,  166,  1031,  501,  7000,  7000, -6
  148313,  194,  305,  160,  1003,  575,  7000,  7000, -1
  148394,  196,  305,  159,  982,  529,  7000,  7000, -4
  148475,  184,  305,  152,  946,  473,  7000,  7000, -7
  148556,  174,  305,  142,  896,  414,  7000,  7000, -11
  148637,  162,  305,  136,  843,  377,  7000,  7000, -13
  148718,  152,  305,  136,  806,  324,  7000,  5000, -17
  148799,  148,  305,  155,  790,  288,  7000,  5000, -19
  148879,  154,  305,  196,  818,  277,  7000,  5000, -20
  148960,  166,  305,  191,  915,  287,  7000,  5000, -19
  149041,  182,  305,  162,  1113,  301,  7000,  5000, -18
  149122,  200,  305,  147,  1661,  391,  7000,  7000, -13
  149203,  200,  305,  145,  3918,  448,  7000,  7000, -9
  149284,  194,  305,  149,  4962,  427,  7000,  7000, -10
  149365,  182,  305,  157,  4769,  423,  7000,  7000, -11
  149446,  176,  305,  168,  4102,  420,  7000,  7000, -11
  149527,  170,  305,  187,  2927,  428,  7000,  7000, -10
  149608,  170,  305,  210,  1558,  449,  7000,  7000, -9
  149688,  174,  305,  171,  1174,  486,  7000,  7000, -7
  149769,  180,  305,  161,  988,  546,  7000,  7000, -3
  149850,  190,  305,  155,  866,  642,  9000,  9000, -10
  149931,  186,  305,  149,  791,  743,  9000,  9000, -11
  150012,  170,  305,  138,  766,  849,  9000,  9000, -12
  150093,  160,  305,  138,  701,  1211,  9000,  9000, -11
  150174,  152,  305,  153,  618,  2227,  9000,  9000, -10
  150255,  154,  82,  187,  527,  3575,  7000,  9000,  30
  150336,  162,  82,  239,  461,  3502,  9000,  9000,  0
  150417,  172,  82,  317,  411,  3448,  9000,  9000,  12
  150497,  176,  82,  351,  391,  3395,  9000,  9000,  12
  150578,  182,  82,  362,  382,  3294,  9000,  9000,  13
  150659,  190,  82,  336,  402,  3225,  9000,  9000,  12
  150740,  186,  82,  288,  452,  3118,  9000,  9000,  8
  150821,  190,  82,  239,  530,  1712,  9000,  9000,  7
  150902,  200,  305,  195,  653,  1018,  9000,  7000, -30
  150983,  174,  305,  150,  787,  684,  9000,  9000, -6
  151064,  158,  305,  116,  909,  560,  7000,  7000, -2
  151145,  144,  305,  97,  939,  576,  7000,  7000, -1
  151226,  132,  305,  86,  890,  626,  9000,  9000, -14
  151306,  122,  305,  78,  872,  623,  9000,  7000, -15
  151387,  114,  305,  72,  867,  727,  9000,  9000, -14
  151468,  112,  305,  92,  764,  1500,  9000,  9000, -11
  151549,  116,  305,  126,  650,  2436,  9000,  9000, -8
  151630,  126,  82,  181,  561,  2379,  7000,  9000,  30
  151711,  142,  82,  249,  494,  2342,  9000,  9000,  2
  151792,  154,  82,  309,  450,  2320,  9000,  9000,  12
  151873,  168,  82,  337,  430,  2224,  9000,  9000,  12
  151953,  176,  82,  337,  425,  2120,  9000,  9000,  11
  152034,  182,  82,  308,  446,  2018,  9000,  9000,  10
  152115,  182,  82,  263,  494,  1938,  9000,  9000,  6
  152196,  176,  82,  217,  568,  1854,  9000,  9000,  5
  152277,  168,  305,  173,  648,  1128,  9000,  7000, -30
  152358,  156,  305,  134,  722,  803,  9000,  9000, -3
  152439,  146,  305,  116,  755,  789,  9000,  9000, -12
  152520,  136,  305,  112,  724,  948,  9000,  9000, -12
  152601,  128,  305,  113,  686,  1260,  9000,  9000, -12
  152682,  128,  305,  131,  622,  1412,  9000,  9000, -8
  152762,  132,  82,  166,  545,  1343,  7000,  9000,  30
  152843,  142,  82,  222,  484,  1288,  9000,  9000, -1
  152924,  152,  82,  265,  443,  1225,  9000,  9000,  9
  153005,  162,  82,  284,  418,  1154,  9000,  9000,  10
  153086,  168,  82,  294,  398,  1072,  9000,  9000,  10
  153167,  174,  82,  275,  399,  990,  9000,  9000,  9
  153248,  174,  305,  239,  635,  894,  9000,  7000, -30
  153329,  168,  305,  199,  1274,  823,  9000,  9000,  7
  153410,  160,  305,  166,  1133,  756,  9000,  9000, -10
  153490,  152,  305,  145,  1044,  683,  9000,  9000, -9
  153571,  144,  305,  119,  947,  613,  9000,  9000, -11
  153652,  134,  305,  106,  873,  531,  7000,  7000, -4
  153733,  128,  305,  120,  822,  445,  7000,  7000, -9
  153814,  128,  305,  145,  795,  387,  7000,  7000, -13
  153895,  132,  305,  170,  752,  330,  7000,  5000, -16
  153976,  140,  305,  211,  728,  273,  7000,  5000, -20
  154057,  154,  305,  268,  759,  229,  7000,  5000, -23
  154138,  176,  305,  213,  847,  214,  7000,  5000, -24
  154219,  206,  305,  156,  1031,  196,  7000,  5000, -25
  154299,  200,  305,  118,  1054,  193,  7000,  5000, -25
  154380,  204,  305,  87,  1042,  206,  7000,  5000, -24
  154461,  204,  305,  67,  1046,  217,  7000,  5000, -23
  154542,  190,  305,  51,  1053,  349,  7000,  5000, -15
  154623,  162,  305,  41,  1062,  351,  7000,  5000, -15
  154704,  140,  305,  39,  1082,  371,  7000,  7000, -14
  154785,  124,  305,  44,  1137,  423,  7000,  7000, -11
  154866,  116,  305,  105,  1177,  488,  7000,  7000, -7
  154947,  112,  305,  151,  1216,  605,  9000,  9000, -4
  155028,  112,  305,  151,  1256,  617,  9000,  9000, -5
  155108,  162,  305,  149,  1261,  561,  7000,  7000, -2
  155189,  164,  305,  146,  1238,  503,  7000,  7000, -6
  155270,  154,  305,  146,  1201,  449,  7000,  7000, -9
  155351,  148,  305,  145,  1155,  399,  7000,  7000, -12
  155432,  146,  305,  153,  1140,  357,  7000,  5000, -15
  155513,  148,  305,  176,  1188,  325,  7000,  5000, -17
  155594,  152,  305,  220,  1498,  314,  7000,  5000, -17
  155675,  166,  305,  194,  2251,  317,  7000,  5000, -17
  155756,  182,  305,  167,  4104,  349,  7000,  5000, -15
  155836,  202,  305,  151,  4992,  409,  7000,  7000, -11
  155917,  202,  305,  148,  4165,  488,  7000,  7000, -7
  155998,  194,  305,  150,  2225,  529,  7000,  7000, -4
  156079,  180,  305,  152,  1485,  573,  7000,  7000, -1
  156160,  172,  305,  154,  1241,  596,  7000,  7000,  0
  156241,  164,  305,  151,  1189,  586,  7000,  7000,  0
  156322,  160,  305,  144,  1203,  538,  7000,  7000, -3
  156403,  150,  305,  135,  1236,  507,  7000,  7000, -5
  156484,  144,  305,  123,  1264,  472,  7000,  7000, -8
  156565,  138,  305,  102,  1264,  465,  7000,  7000, -8
  156645,  134,  305,  87,  1208,  489,  7000,  7000, -6
  156726,  132,  305,  80,  1123,  572,  7000,  7000, -1
  156807,  132,  305,  81,  1033,  787,  9000,  9000, -14
  156888,  122,  305,  79,  976,  834,  9000,  9000, -14
  156969,  116,  305,  74,  953,  991,  9000,  9000, -14
  157050,  110,  305,  88,  881,  1845,  9000,  9000, -12
  157131,  112,  305,  120,  781,  3014,  9000,  9000, -8
  157212,  122,  305,  173,  680,  3251,  9000,  9000, -5
  157293,  138,  82,  263,  599,  3264,  7000,  9000,  30
  157374,  158,  82,  355,  537,  3143,  9000,  9000,  6
  157455,  172,  82,  407,  504,  3162,  7000,  9000,  15
  157535,  182,  82,  408,  498,  3067,  7000,  9000,  15
  157616,  186,  82,  360,  525,  2921,  9000,  9000,  11
  157697,  194,  82,  288,  600,  2571,  9000,  9000,  9
  157778,  190,  305,  231,  709,  1885,  9000,  7000, -30
  157859,  182,  305,  180,  853,  943,  9000,  9000,  0
  157940,  174,  305,  143,  977,  687,  9000,  9000, -11
  158021,  158,  305,  116,  1048,  582,  7000,  7000, -1
  158102,  144,  305,  95,  1059,  636,  9000,  9000, -14
  158183,  134,  305,  91,  997,  818,  9000,  9000, -14
  158263,  124,  305,  86,  957,  1000,  9000,  9000, -14
  158344,  118,  305,  99,  880,  1851,  9000,  9000, -10
  158425,  118,  305,  109,  781,  1937,  9000,  9000, -11
  158506,  128,  305,  166,  687,  2100,  9000,  9000, -5
  158587,  134,  305,  250,  608,  2117,  9000,  9000, -1
  158668,  154,  82,  363,  540,  2107,  7000,  9000,  30
  158749,  182,  82,  480,  492,  2074,  9000,  9000,  10
  158830,  198,  82,  529,  468,  1975,  7000,  9000,  17
  158911,  204,  82,  506,  466,  1836,  7000,  9000,  16
  158992,  206,  82,  415,  492,  1703,  9000,  9000,  13
  159072,  196,  82,  321,  580,  1402,  9000,  9000,  9
  159153,  198,  305,  252,  709,  1207,  9000,  7000, -30
  159234,  192,  305,  201,  1235,  1030,  9000,  9000,  4
  159315,  182,  305,  165,  1808,  746,  9000,  9000, -8
  159396,  172,  305,  127,  1780,  682,  9000,  9000, -14
  159477,  158,  305,  57,  1887,  601,  9000,  7000, -22
  159558,  146,  305,  49,  1727,  790,  9000,  7000, -19
  159639,  114,  305,  74,  1685,  798,  9000,  9000, -13
  159720,  108,  305,  132,  1505,  849,  9000,  9000, -5
  159801,  124,  305,  210,  1440,  921,  9000,  9000,  2
  159881,  146,  305,  311,  1392,  985,  9000,  9000,  4
  159962,  166,  305,  426,  1340,  905,  9000,  9000,  7
  160043,  182,  305,  435,  1276,  828,  9000,  9000,  6
  160124,  194,  305,  385,  1218,  712,  9000,  9000,  4
  160205,  198,  305,  332,  1163,  569,  7000,  7000, -1
  160286,  200,  305,  278,  1115,  463,  7000,  7000, -8
  160367,  202,  305,  229,  1069,  379,  7000,  7000, -13
  160448,  204,  305,  188,  997,  342,  7000,  5000, -16
  160529,  246,  305,  153,  985,  339,  7000,  5000, -16
  160609,  202,  305,  136,  956,  356,  7000,  5000, -15
  160690,  200,  305,  134,  933,  345,  7000,  5000, -15
  160771,  182,  305,  141,  927,  341,  7000,  5000, -16
  160852,  174,  305,  163,  935,  335,  7000,  5000, -16
  160933,  170,  305,  189,  962,  382,  7000,  7000, -13
  161014,  178,  305,  177,  1020,  433,  7000,  7000, -10
  161095,  186,  305,  167,  1031,  495,  7000,  7000, -6
  161176,  196,  305,  164,  999,  579,  7000,  7000, -1
  161257,  196,  305,  159,  977,  533,  7000,  7000, -4
  161337,  186,  305,  153,  939,  478,  7000,  7000, -7
  161418,  174,  305,  142,  889,  417,  7000,  7000, -11
  161499,  164,  305,  136,  840,  371,  7000,  7000, -14
  161580,  156,  305,  138,  805,  326,  7000,  5000, -17
  161661,  150,  305,  158,  791,  290,  7000,  5000, -19
  161742,  152,  305,  197,  822,  282,  7000,  5000, -19
  161823,  164,  305,  191,  913,  290,  7000,  5000, -19
  161904,  180,  305,  162,  1131,  324,  7000,  5000, -17
  161985,  200,  305,  148,  1705,  393,  7000,  7000, -12
  162065,  202,  305,  146,  3925,  444,  7000,  7000, -9
  162146,  194,  305,  148,  5029,  423,  7000,  7000, -11
  162227,  182,  305,  154,  4824,  412,  7000,  7000, -11
  162308,  174,  305,  164,  4215,  409,  7000,  7000, -11
  162389,  170,  305,  182,  3017,  413,  7000,  7000, -11
  162470,  170,  305,  205,  1631,  441,  7000,  7000, -9
  162551,  174,  305,  167,  1199,  476,  7000,  7000, -7
  162632,  178,  305,  156,  1000,  528,  7000,  7000, -4
  162713,  190,  305,  150,  872,  618,  9000,  9000, -10
  162793,  194,  305,  144,  797,  750,  9000,  9000, -12
  162874,  172,  305,  137,  752,  895,  9000,  9000, -13
  162955,  160,  305,  139,  683,  1368,  9000,  9000, -11
  163036,  152,  305,  157,  601,  2568,  9000,  9000, -9
  163117,  156,  82,  196,  516,  3595,  7000,  9000,  30
  163198,  162,  82,  262,  440,  3504,  9000,  9000,  0
  163279,  174,  82,  338,  394,  3452,  9000,  9000,  13
  163360,  182,  82,  374,  376,  3139,  9000,  9000,  13
  163441,  192,  82,  391,  365,  3293,  9000,  9000,  13
  163522,  194,  82,  366,  381,  3198,  9000,  9000,  12
  163602,  192,  82,  319,  424,  3111,  9000,  9000,  10
  163683,  198,  82,  266,  495,  2075,  9000,  9000,  9
  163764,  196,  305,  216,  603,  1165,  9000,  7000, -30
  163845,  186,  305,  170,  752,  748,  9000,  9000, -2
  163926,  170,  305,  128,  921,  533,  7000,  7000, -4
  164007,  156,  305,  92,  1050,  458,  7000,  7000, -8
  164088,  140,  305,  68,  1069,  436,  7000,  7000, -10
  164169,  126,  305,  53,  1038,  457,  7000,  7000, -8
  164250,  116,  305,  51,  968,  540,  7000,  7000, -3
  164331,  108,  305,  58,  876,  752,  9000,  7000, -15
  164411,  106,  305,  70,  799,  1048,  9000,  9000, -14
  164492,  104,  305,  81,  734,  1977,  9000,  9000, -12
  164573,  108,  305,  112,  664,  2334,  9000,  9000, -8
  164654,  118,  82,  157,  587,  2281,  7000,  9000,  30
  164735,  132,  82,  223,  514,  2247,  9000,  9000,  1
  164816,  146,  82,  285,  469,  2200,  9000,  9000,  11
  164897,  162,  82,  315,  449,  2125,  9000,  9000,  12
  164978,  168,  82,  324,  441,  2022,  9000,  9000,  11
  165059,  174,  82,  295,  462,  1922,  9000,  9000,  10
  165140,  174,  82,  254,  504,  1838,  9000,  9000,  6
  165220,  168,  82,  210,  568,  1767,  9000,  9000,  4
  165301,  162,  305,  168,  638,  1183,  9000,  7000, -30
  165382,  152,  305,  135,  706,  876,  9000,  9000, -3
  165463,  142,  305,  114,  730,  844,  9000,  9000, -12
  165544,  132,  305,  109,  706,  1006,  9000,  9000, -13
  165625,  128,  305,  112,  662,  1396,  9000,  9000, -11
  165706,  126,  82,  133,  595,  1316,  7000,  9000,  30
  165787,  132,  82,  172,  525,  1255,  9000,  9000, -3
  165868,  140,  82,  216,  478,  1195,  9000,  9000,  8
  165949,  150,  82,  249,  445,  1129,  9000,  9000,  9
  166030,  156,  82,  267,  418,  1040,  9000,  9000,  8
  166110,  160,  82,  252,  417,  957,  9000,  9000,  8
  166191,  160,  305,  221,  871,  876,  9000,  7000, -30
  166272,  156,  305,  184,  1266,  798,  9000,  9000,  4
  166353,  152,  305,  155,  1131,  731,  9000,  9000, -11
  166434,  144,  305,  138,  1039,  658,  9000,  9000, -10
  166515,  138,  305,  120,  951,  574,  7000,  7000, -1
  166596,  132,  305,  122,  888,  498,  7000,  7000, -6
  166677,  132,  305,  141,  850,  437,  7000,  7000, -10
  166758,  132,  305,  157,  802,  377,  7000,  7000, -13
  166839,  134,  305,  182,  758,  322,  7000,  5000, -17
  166919,  144,  305,  227,  740,  278,  7000,  5000, -20
  167000,  164,  305,  271,  778,  237,  7000,  5000, -22
  167081,  188,  305,  205,  887,  217,  7000,  5000, -23
  167162,  206,  305,  152,  1052,  208,  7000,  5000, -24
  167243,  210,  305,  118,  1052,  220,  7000,  5000, -23
  167324,  202,  305,  93,  1051,  229,  7000,  5000, -23
  167405,  202,  305,  76,  1059,  372,  7000,  7000, -14
  167486,  180,  305,  64,  1076,  381,  7000,  7000, -13
  167567,  156,  305,  54,  1083,  377,  7000,  7000, -13
  167648,  140,  305,  47,  1092,  394,  7000,  7000, -12
  167729,  126,  305,  79,  1130,  443,  7000,  7000, -9
  167809,  118,  305,  148,  1161,  514,  7000,  7000, -5
  167890,  114,  305,  146,  1197,  643,  9000,  9000, -6
  167971,  114,  305,  145,  1218,  572,  7000,  7000, -1
  168052,  170,  305,  141,  1208,  514,  7000,  7000, -5
  168133,  158,  305,  140,  1184,  468,  7000,  7000, -8
  168214,  150,  305,  136,  1122,  414,  7000,  7000, -11
  168295,  144,  305,  138,  1087,  367,  7000,  7000, -14
  168376,  142,  305,  152,  1102,  331,  7000,  5000, -16
  168457,  148,  305,  185,  1208,  306,  7000,  5000, -18
  168538,  156,  305,  204,  1670,  300,  7000,  5000, -18
  168618,  174,  305,  167,  2814,  313,  7000,  5000, -17
  168699,  196,  305,  145,  3576,  357,  7000,  5000, -15
  168780,  200,  305,  139,  4431,  446,  7000,  7000, -9
  168861,  198,  305,  141,  2477,  517,  7000,  7000, -5
  168942,  186,  305,  150,  1515,  582,  7000,  7000, -1
  169023,  176,  305,  155,  1211,  624,  9000,  9000, -10
  169104,  168,  305,  154,  1144,  615,  9000,  9000, -9
  169185,  160,  305,  150,  1126,  625,  9000,  9000, -9
  169266,  156,  305,  160,  1031,  752,  9000,  9000, -8
  169347,  156,  305,  166,  917,  1036,  9000,  9000, -7
  169427,  160,  305,  176,  816,  1473,  9000,  9000, -7
  169508,  170,  305,  195,  716,  2306,  9000,  9000, -6
  169589,  174,  305,  225,  647,  3289,  9000,  9000, -4
  169670,  180,  82,  266,  585,  3446,  7000,  9000,  30
  169751,  186,  82,  312,  533,  3434,  9000,  9000,  2
  169832,  194,  82,  333,  515,  3365,  9000,  9000,  11
  169913,  198,  82,  328,  528,  3246,  9000,  9000,  11
  169994,  196,  82,  318,  552,  3026,  9000,  9000,  10
  170075,  196,  305,  294,  612,  2759,  9000,  7000, -30
  170155,  184,  305,  250,  713,  1687,  9000,  9000,  4
  170236,  182,  305,  212,  807,  1172,  9000,  9000, -4
  170317,  176,  305,  185,  874,  945,  9000,  9000, -8
  170398,  166,  305,  163,  917,  895,  9000,  9000, -8
  170479,  162,  305,  155,  903,  1172,  9000,  9000, -9
  170560,  160,  305,  160,  836,  1446,  9000,  9000, -8
  170641,  156,  305,  176,  767,  2263,  9000,  9000, -7
  170722,  158,  305,  206,  694,  2366,  9000,  9000, -4
  170803,  168,  305,  250,  626,  2468,  9000,  9000, -3
  170883,  178,  84,  291,  570,  2419,  7000,  9000,  30
  170964,  190,  84,  345,  528,  2370,  9000,  9000,  4
  171045,  196,  84,  373,  508,  2292,  9000,  9000,  13
  171126,  202,  84,  363,  512,  2183,  9000,  9000,  12
  171207,  204,  84,  345,  527,  2055,  9000,  9000,  11
  171288,  200,  84,  305,  570,  1808,  9000,  9000,  9
  171369,  192,  305,  256,  650,  1600,  9000,  7000, -30
  171450,  184,  305,  212,  745,  1433,  9000,  9000,  3
  171531,  180,  305,  175,  850,  878,  9000,  9000, -9
  171612,  168,  305,  145,  935,  648,  9000,  9000, -11
  171693,  154,  305,  124,  992,  594,  7000,  7000,  0
  171773,  142,  305,  119,  945,  926,  9000,  9000, -12
  171854,  136,  305,  131,  855,  1109,  9000,  9000, -8
  171935,  134,  305,  142,  806,  1088,  9000,  9000, -9
  172016,  136,  305,  105,  734,  1092,  9000,  9000, -13
  172097,  144,  305,  145,  664,  1115,  9000,  9000, -8
  172178,  144,  84,  208,  599,  1188,  7000,  9000,  30
  172259,  142,  84,  301,  532,  1191,  9000,  9000,  3
  172340,  162,  84,  390,  485,  1137,  7000,  9000,  15
  172421,  182,  84,  429,  463,  1063,  7000,  9000,  15
  172502,  194,  305,  413,  842,  962,  9000,  7000, -27
  172582,  190,  305,  337,  1291,  745,  9000,  9000,  10
  172663,  184,  305,  283,  1261,  597,  7000,  7000,  0
  172744,  186,  305,  248,  1216,  491,  7000,  7000, -6
  172825,  178,  305,  216,  1051,  414,  7000,  7000, -11
  172906,  176,  305,  280,  949,  365,  7000,  7000, -14
  172987,  176,  305,  241,  909,  341,  7000,  5000, -16
  173068,  182,  305,  198,  926,  326,  7000,  5000, -17
  173149,  192,  305,  167,  1024,  346,  7000,  5000, -15
  173230,  206,  305,  150,  1037,  406,  7000,  7000, -12
  173311,  200,  305,  147,  1016,  410,  7000,  7000, -11
  173392,  192,  305,  148,  1003,  395,  7000,  7000, -12
  173472,  182,  305,  155,  991,  381,  7000,  7000, -13
  173553,  174,  305,  168,  979,  374,  7000,  7000, -14
  173634,  172,  305,  189,  978,  376,  7000,  7000, -14
  173715,  174,  305,  175,  989,  392,  7000,  7000, -13
  173796,  180,  305,  157,  1024,  433,  7000,  7000, -10
  173877,  190,  305,  147,  997,  497,  7000,  7000, -6
  173958,  198,  305,  145,  970,  532,  7000,  7000, -4
  174039,  182,  305,  147,  954,  481,  7000,  7000, -7
  174120,  174,  305,  145,  925,  438,  7000,  7000, -10
  174201,  162,  305,  146,  884,  390,  7000,  7000, -13
  174282,  158,  305,  152,  850,  347,  7000,  5000, -15
  174362,  154,  305,  176,  842,  319,  7000,  5000, -17
  174443,  164,  305,  216,  883,  311,  7000,  5000, -18
  174524,  176,  305,  201,  988,  317,  7000,  5000, -17
  174605,  194,  305,  172,  1224,  353,  7000,  5000, -15
  174686,  200,  305,  158,  2150,  425,  7000,  7000, -10
  174767,  208,  305,  155,  4028,  436,  7000,  7000, -10
  174848,  198,  305,  157,  4872,  427,  7000,  7000, -10
  174929,  188,  305,  161,  5049,  415,  7000,  7000, -11
  175010,  180,  305,  171,  4265,  414,  7000,  7000, -11
  175091,  176,  305,  193,  3120,  421,  7000,  7000, -11
  175171,  176,  305,  205,  1540,  446,  7000,  7000, -9
  175252,  178,  305,  170,  1169,  485,  7000,  7000, -7
  175333,  182,  305,  160,  976,  554,  7000,  7000, -2
  175414,  190,  305,  156,  835,  709,  9000,  9000, -10
  175495,  188,  305,  149,  768,  776,  9000,  9000, -11
  175576,  170,  305,  140,  745,  884,  9000,  9000, -12
  175657,  158,  305,  139,  691,  1198,  9000,  9000, -11
  175738,  154,  305,  152,  617,  2211,  9000,  9000, -9
  175819,  154,  94,  185,  526,  3545,  7000,  9000,  30
  175900,  160,  96,  239,  464,  3476,  9000,  9000, -1
  175981,  168,  96,  300,  424,  3420,  9000,  9000,  10
  176061,  172,  96,  321,  406,  3348,  9000,  9000,  10
  176142,  178,  96,  336,  399,  3266,  9000,  9000,  11
  176223,  182,  96,  318,  418,  3191,  9000,  9000,  10
  176304,  186,  96,  280,  462,  3092,  9000,  9000,  7
  176385,  188,  96,  238,  532,  1778,  9000,  9000,  6
  176466,  182,  305,  192,  645,  1079,  9000,  7000, -30
  176547,  174,  305,  153,  759,  767,  9000,  9000, -2
  176628,  162,  305,  126,  834,  689,  9000,  9000, -13
  176709,  146,  305,  111,  844,  686,  9000,  9000, -13
  176790,  134,  305,  106,  814,  857,  9000,  9000, -13
  176870,  128,  305,  118,  739,  1376,  9000,  9000, -11
  176951,  130,  305,  146,  653,  2512,  9000,  9000, -7
  177032,  140,  100,  187,  566,  2444,  7000,  9000,  30
  177113,  152,  100,  249,  492,  2394,  9000,  9000,  1
  177194,  166,  100,  296,  458,  2340,  9000,  9000,  10
  177275,  174,  100,  309,  446,  2251,  9000,  9000,  9
  177356,  178,  100,  307,  448,  2157,  9000,  9000,  9
  177437,  180,  100,  275,  478,  2083,  9000,  9000,  7
  177518,  178,  100,  240,  524,  1999,  9000,  9000,  6
  177599,  174,  100,  202,  595,  1765,  9000,  9000,  4
  177680,  166,  305,  165,  678,  1117,  9000,  7000, -30
  177760,  156,  305,  131,  747,  778,  9000,  9000, -4
  177841,  144,  305,  107,  776,  770,  9000,  9000, -13
  177922,  132,  305,  103,  750,  901,  9000,  9000, -13
  178003,  126,  305,  108,  697,  1349,  9000,  9000, -11
  178084,  126,  305,  129,  625,  1480,  9000,  9000, -10
  178165,  132,  100,  170,  553,  1413,  7000,  9000,  30
  178246,  142,  100,  229,  489,  1354,  9000,  9000,  0
  178327,  158,  98,  286,  439,  1298,  9000,  9000,  11
  178408,  166,  96,  300,  417,  1218,  9000,  9000,  10
  178489,  170,  94,  294,  408,  1134,  9000,  9000,  9
  178569,  172,  94,  266,  414,  1050,  9000,  9000,  7
  178650,  172,  94,  227,  448,  975,  9000,  9000,  5
  178731,  166,  305,  188,  1287,  902,  9000,  7000, -30
  178812,  156,  305,  153,  1197,  827,  9000,  9000, -3
  178893,  148,  305,  135,  1113,  751,  9000,  9000, -10
  178974,  142,  305,  130,  1048,  673,  9000,  9000, -10
  179055,  138,  305,  133,  998,  593,  7000,  7000,  0
  179136,  138,  305,  155,  965,  519,  7000,  7000, -5
  179217,  142,  305,  192,  952,  468,  7000,  7000, -8
  179298,  148,  305,  220,  901,  401,  7000,  7000, -12
  179378,  154,  305,  251,  852,  347,  7000,  5000, -15
  179459,  168,  305,  306,  832,  300,  7000,  5000, -18
  179540,  186,  305,  289,  882,  278,  7000,  5000, -20
  179621,  204,  305,  221,  1022,  258,  7000,  5000, -21
  179702,  206,  305,  172,  1047,  259,  7000,  5000, -21
  179783,  218,  305,  140,  1035,  280,  7000,  5000, -20
  179864,  204,  305,  124,  1048,  418,  7000,  7000, -11
  179945,  210,  305,  121,  1091,  454,  7000,  7000, -9
  180026,  192,  305,  124,  1144,  502,  7000,  7000, -6
  180107,  174,  305,  143,  1168,  545,  7000,  7000, -3
  180187,  164,  305,  211,  1170,  587,  7000,  7000,  0
  180268,  154,  305,  195,  1149,  599,  7000,  7000,  0
  180349,  146,  305,  177,  1107,  587,  7000,  7000,  0
  180430,  146,  305,  155,  1044,  547,  7000,  7000, -3
  180511,  192,  305,  136,  972,  511,  7000,  7000, -5
  180592,  174,  305,  114,  896,  441,  7000,  7000, -9
  180673,  156,  305,  97,  837,  378,  7000,  7000, -13
  180754,  144,  305,  83,  783,  327,  7000,  5000, -17
  180835,  132,  305,  82,  773,  279,  7000,  5000, -20
  180916,  128,  305,  106,  835,  250,  7000,  5000, -21
  180996,  130,  305,  151,  1009,  236,  7000,  5000, -22
  181077,  140,  305,  147,  1450,  238,  7000,  5000, -22
  181158,  158,  305,  118,  3244,  259,  7000,  5000, -21
  181239,  186,  305,  105,  5166,  311,  7000,  5000, -18
  181320,  190,  305,  103,  4906,  431,  7000,  7000, -10
  181401,  170,  305,  116,  2284,  530,  7000,  7000, -4
  181482,  160,  305,  131,  1233,  644,  9000,  9000, -13
  181563,  154,  305,  147,  1034,  726,  9000,  9000, -8
  181644,  148,  305,  157,  957,  817,  9000,  9000, -8
  181725,  152,  305,  179,  865,  1116,  9000,  9000, -6
  181805,  158,  305,  202,  754,  1640,  9000,  9000, -5
  181886,  168,  305,  221,  676,  2462,  9000,  9000, -4
  181967,  182,  305,  245,  618,  3371,  9000,  9000, -2
  182048,  190,  238,  275,  573,  3447,  9000,  9000,  12
  182129,  192,  236,  305,  535,  3519,  9000,  9000,  0
  182210,  196,  242,  324,  519,  3434,  9000,  9000,  2
  182291,  196,  250,  309,  540,  3208,  9000,  9000,  1
  182372,  200,  254,  298,  568,  3056,  9000,  9000,  1
  182453,  200,  256,  289,  590,  2937,  9000,  9000,  0
  182534,  200,  305,  284,  610,  2826,  9000,  9000, -10
  182615,  196,  305,  291,  627,  2735,  9000,  9000, -1
  182695,  194,  305,  292,  626,  2732,  9000,  9000, -2
  182776,  196,  262,  312,  585,  2770,  9000,  9000,  8
  182857,  204,  262,  332,  562,  2767,  9000,  9000,  1
  182938,  204,  264,  336,  556,  2630,  9000,  9000,  2
  183019,  204,  264,  313,  581,  2450,  9000,  9000,  1
  183100,  204,  305,  295,  611,  2335,  9000,  9000, -8
  183181,  204,  305,  281,  634,  2221,  9000,  9000, -1
  183262,  208,  305,  273,  641,  2178,  9000,  9000, -3
  183343,  208,  305,  289,  612,  2182,  9000,  9000, -2
  183424,  204,  262,  287,  586,  2159,  9000,  9000,  6
  183505,  204,  256,  305,  566,  2139,  9000,  9000,  0
  183585,  204,  248,  317,  555,  2036,  9000,  9000,  3
  183666,  208,  248,  310,  570,  1923,  9000,  9000,  2
  183747,  210,  246,  304,  582,  1818,  9000,  9000,  2
  183828,  202,  248,  298,  594,  1707,  9000,  9000,  0
  183909,  202,  305,  292,  607,  1611,  9000,  9000, -11
  183990,  204,  305,  284,  618,  1518,  9000,  9000,  0
  184071,  202,  305,  287,  615,  1487,  9000,  9000, -2
  184152,  200,  246,  319,  572,  1490,  9000,  9000,  12
  184233,  206,  244,  319,  541,  1465,  9000,  9000,  0
  184314,  204,  244,  291,  527,  1365,  9000,  9000,  1
  184394,  206,  244,  272,  552,  1218,  9000,  9000,  0
  184475,  206,  244,  265,  565,  1127,  9000,  9000,  0
  184556,  206,  242,  259,  573,  1043,  9000,  9000,  0
  184637,  318,  305,  258,  817,  964,  9000,  9000, -4
  184718,  184,  305,  257,  1420,  881,  9000,  9000, -13
  184799,  182,  305,  262,  1378,  817,  9000,  9000,  1
  184880,  192,  305,  291,  1329,  798,  9000,  9000,  1
  184961,  202,  305,  351,  1266,  793,  9000,  9000,  4
  185042,  200,  305,  430,  1217,  731,  9000,  9000,  4
  185123,  206,  305,  409,  1171,  642,  9000,  9000,  4
  185204,  202,  305,  354,  1127,  543,  7000,  7000, -3
  185284,  200,  305,  300,  1081,  462,  7000,  7000, -8
  185365,  200,  305,  248,  1004,  381,  7000,  7000, -13
  185446,  196,  305,  205,  911,  345,  7000,  5000, -15
  185527,  282,  305,  168,  900,  338,  7000,  5000, -16
  185608,  206,  305,  146,  922,  352,  7000,  5000, -15
  185689,  206,  305,  138,  896,  327,  7000,  5000, -17
  185770,  194,  305,  142,  882,  322,  7000,  5000, -17
  185851,  178,  305,  159,  880,  322,  7000,  5000, -17
  185932,  176,  305,  179,  901,  345,  7000,  5000, -15
  186013,  178,  305,  164,  947,  392,  7000,  7000, -13
  186094,  186,  305,  156,  1011,  467,  7000,  7000, -8
  186174,  198,  305,  153,  976,  564,  7000,  7000, -2
  186255,  194,  305,  156,  967,  522,  7000,  7000, -4
  186336,  184,  305,  157,  942,  482,  7000,  7000, -7
  186417,  172,  305,  149,  897,  414,  7000,  7000, -11
  186498,  164,  305,  146,  849,  368,  7000,  7000, -14
  186579,  156,  305,  153,  813,  328,  7000,  5000, -17
  186660,  156,  305,  177,  805,  302,  7000,  5000, -18
  186741,  164,  305,  211,  847,  299,  7000,  5000, -18
  186822,  176,  305,  184,  964,  308,  7000,  5000, -18
  186903,  196,  305,  158,  1222,  347,  7000,  5000, -15
  186984,  200,  305,  146,  2295,  415,  7000,  7000, -11
  187064,  202,  305,  143,  4124,  418,  7000,  7000, -11
  187145,  192,  305,  147,  4850,  413,  7000,  7000, -11
  187226,  182,  305,  155,  4704,  406,  7000,  7000, -12
  187307,  174,  305,  169,  4168,  410,  7000,  7000, -11
  187388,  170,  305,  195,  2178,  435,  7000,  7000, -10
  187469,  170,  305,  195,  1338,  471,  7000,  7000, -8
  187550,  176,  305,  168,  1050,  524,  7000,  7000, -4
  187631,  186,  305,  161,  886,  609,  9000,  9000, -9
  187712,  196,  305,  156,  793,  754,  9000,  9000, -10
  187793,  176,  305,  149,  742,  874,  9000,  9000, -12
  187873,  168,  305,  146,  686,  1174,  9000,  9000, -11
  187954,  158,  305,  158,  616,  1995,  9000,  9000, -10
  188035,  162,  82,  188,  536,  3590,  7000,  9000,  30
  188116,  166,  82,  229,  465,  3518,  9000,  9000, -1
  188197,  174,  82,  298,  421,  3459,  9000,  9000,  11
  188278,  176,  82,  327,  401,  3390,  9000,  9000,  11
  188359,  180,  82,  342,  391,  3311,  9000,  9000,  11
  188440,  184,  82,  323,  412,  3206,  9000,  9000,  11
  188521,  186,  82,  283,  460,  3137,  9000,  9000,  9
  188602,  182,  82,  238,  531,  1767,  9000,  9000,  5
  188683,  194,  305,  193,  640,  1049,  9000,  7000, -30
  188763,  176,  305,  149,  781,  712,  9000,  9000, -4
  188844,  158,  305,  122,  866,  652,  9000,  9000, -14
  188925,  146,  305,  109,  858,  688,  9000,  9000, -13
  189006,  134,  305,  107,  812,  901,  9000,  9000, -13
  189087,  130,  305,  124,  715,  1563,  9000,  9000, -11
  189168,  132,  305,  156,  627,  2552,  9000,  9000, -6
  189249,  144,  84,  202,  547,  2487,  7000,  9000,  30
  189330,  156,  84,  264,  481,  2443,  9000,  9000,  1
  189411,  170,  84,  306,  447,  2372,  9000,  9000,  12
  189492,  178,  84,  319,  439,  2292,  9000,  9000,  11
  189573,  180,  84,  316,  440,  2207,  9000,  9000,  10
  189653,  186,  84,  287,  469,  2116,  9000,  9000,  9
  189734,  182,  86,  244,  523,  2040,  9000,  9000,  7
  189815,  176,  305,  199,  609,  1502,  9000,  7000, -30
  189896,  168,  305,  157,  709,  942,  9000,  9000, -1
  189977,  156,  305,  127,  773,  767,  9000,  9000, -13
  190058,  144,  305,  108,  787,  738,  9000,  9000, -13
  190139,  132,  305,  99,  766,  884,  9000,  9000, -14
  190220,  126,  305,  111,  703,  1447,  9000,  9000, -10
  190301,  124,  305,  136,  621,  1525,  9000,  9000, -9
  190382,  134,  88,  180,  544,  1462,  7000,  9000,  30
  190463,  148,  90,  244,  483,  1406,  9000,  9000,  1
  190543,  160,  90,  297,  439,  1344,  9000,  9000,  10
  190624,  168,  90,  314,  413,  1271,  9000,  9000,  11
  190705,  176,  90,  319,  399,  1187,  9000,  9000,  11
  190786,  180,  90,  291,  401,  1100,  9000,  9000,  9
  190867,  178,  90,  251,  425,  1020,  9000,  9000,  6
  190948,  176,  305,  208,  926,  942,  9000,  7000, -30
  191029,  168,  305,  168,  1240,  880,  9000,  9000, -1
  191110,  156,  305,  143,  1148,  803,  9000,  9000, -9
  191191,  148,  305,  133,  1082,  727,  9000,  9000, -10
  191272,  142,  305,  128,  1020,  645,  9000,  9000, -10
  191352,  138,  305,  139,  981,  566,  7000,  7000, -2
  191433,  140,  305,  171,  956,  486,  7000,  7000, -7
  191514,  146,  305,  212,  939,  432,  7000,  7000, -10
  191595,  152,  305,  248,  896,  387,  7000,  7000, -13
  191676,  166,  305,  297,  865,  336,  7000,  5000, -16
  191757,  178,  305,  323,  867,  293,  7000,  5000, -19
  191838,  200,  305,  251,  963,  273,  7000,  5000, -20
  191919,  204,  305,  194,  1054,  259,  7000,  5000, -21
  192000,  208,  305,  156,  1034,  271,  7000,  5000, -20
  192081,  204,  305,  134,  1035,  408,  7000,  7000, -12
  192162,  210,  305,  123,  1063,  434,  7000,  7000, -10
  192243,  200,  305,  122,  1101,  470,  7000,  7000, -8
  192323,  182,  305,  123,  1137,  504,  7000,  7000, -6
  192404,  168,  305,  186,  1143,  536,  7000,  7000, -4
  192485,  156,  305,  196,  1138,  578,  7000,  7000, -1
  192566,  148,  305,  181,  1119,  607,  9000,  9000, -5
  192647,  144,  305,  166,  1077,  576,  7000,  7000, -1
  192728,  198,  305,  147,  1017,  495,  7000,  7000, -6
  192809,  180,  305,  131,  952,  442,  7000,  7000, -9
  192890,  160,  305,  114,  882,  386,  7000,  7000, -13
  192971,  148,  305,  105,  837,  330,  7000,  5000, -16
  193052,  142,  305,  111,  827,  288,  7000,  5000, -19
  193133,  138,  305,  138,  917,  264,  7000,  5000, -21
  